civic_var_id	gen_id	entrez_id	entrez_name
1	4	25	ABL1
2	4	25	ABL1
3	4	25	ABL1
4	2	207	AKT1
5	1	238	ALK
6	1	238	ALK
7	1	238	ALK
8	1	238	ALK
9	1	238	ALK
10	3	369	ARAF
11	5	673	BRAF
12	5	673	BRAF
13	5	673	BRAF
14	5	673	BRAF
17	5	673	BRAF
18	8	595	CCND1
19	8	595	CCND1
20	8	595	CCND1
21	9	894	CCND2
22	9	894	CCND2
23	10	896	CCND3
24	11	898	CCNE1
25	13	1019	CDK4
27	14	1029	CDKN2A
28	15	1050	CEBPA
29	15	1050	CEBPA
30	33	1436	CSF1R
31	17	5566	PRKACA
32	18	1788	DNMT3A
33	19	1956	EGFR
34	19	1956	EGFR
35	20	2064	ERBB2
36	20	2064	ERBB2
37	20	2064	ERBB2
38	20	2064	ERBB2
39	20	2064	ERBB2
40	20	2064	ERBB2
41	20	2064	ERBB2
42	20	2064	ERBB2
43	20	2064	ERBB2
44	20	2064	ERBB2
45	20	2064	ERBB2
46	21	2099	ESR1
47	21	2099	ESR1
48	21	2099	ESR1
49	21	2099	ESR1
50	21	2099	ESR1
52	22	2263	FGFR2
53	23	2261	FGFR3
54	22	2263	FGFR2
55	24	2322	FLT3
56	24	2322	FLT3
57	25	2624	GATA2
58	26	3417	IDH1
59	26	3417	IDH1
62	27	3418	IDH2
63	27	3418	IDH2
64	28	3717	JAK2
65	29	3815	KIT
66	29	3815	KIT
67	29	3815	KIT
69	29	3815	KIT
72	29	3815	KIT
73	29	3815	KIT
75	30	3845	KRAS
76	30	3845	KRAS
77	30	3845	KRAS
78	30	3845	KRAS
79	30	3845	KRAS
80	30	3845	KRAS
81	30	3845	KRAS
82	31	5604	MAP2K1
83	31	5604	MAP2K1
85	34	4255	MGMT
86	35	4869	NPM1
87	35	4869	NPM1
92	36	4893	NRAS
93	36	4893	NRAS
94	36	4893	NRAS
95	36	4893	NRAS
96	36	4893	NRAS
98	38	5156	PDGFRA
99	38	5156	PDGFRA
100	38	5156	PDGFRA
101	38	5156	PDGFRA
102	38	5156	PDGFRA
103	37	5290	PIK3CA
104	37	5290	PIK3CA
105	37	5290	PIK3CA
106	37	5290	PIK3CA
107	37	5290	PIK3CA
108	39	5371	PML
110	41	5728	PTEN
112	42	5979	RET
113	42	5979	RET
114	44	23451	SF3B1
116	45	7157	TP53
117	45	7157	TP53
118	45	7157	TP53
119	45	7157	TP53
121	45	7157	TP53
122	45	7157	TP53
124	46	7248	TSC1
125	46	7248	TSC1
127	48	7307	U2AF1
128	48	7307	U2AF1
129	49	7490	WT1
130	49	7490	WT1
131	6	672	BRCA1
132	7	675	BRCA2
133	19	1956	EGFR
134	19	1956	EGFR
135	50	4851	NOTCH1
136	50	4851	NOTCH1
137	50	4851	NOTCH1
138	50	4851	NOTCH1
139	51	4921	DDR2
140	51	4921	DDR2
141	51	4921	DDR2
142	51	4921	DDR2
143	51	4921	DDR2
144	51	4921	DDR2
145	51	4921	DDR2
148	30	3845	KRAS
151	59	596	BCL2
152	59	596	BCL2
153	56	27086	FOXP1
154	57	5966	REL
155	43	861	RUNX1
156	60	3481	IGF2
157	55	54790	TET2
158	61	6790	AURKA
159	58	7428	VHL
160	58	7428	VHL
161	62	55193	PBRM1
163	63	2146	EZH2
164	53	2313	FLI1
165	63	2146	EZH2
167	64	8085	KMT2D
168	65	695	BTK
169	2	207	AKT1
170	1	238	ALK
171	1	238	ALK
172	1	238	ALK
173	1	238	ALK
174	66	324	APC
175	67	367	AR
176	67	367	AR
177	68	171023	ASXL1
178	69	472	ATM
179	69	472	ATM
180	61	6790	AURKA
181	61	6790	AURKA
182	70	8314	BAP1
183	70	8314	BAP1
184	5	673	BRAF
185	6	672	BRCA1
186	7	675	BRCA2
187	11	898	CCNE1
189	18	1788	DNMT3A
190	19	1956	EGFR
191	19	1956	EGFR
193	19	1956	EGFR
194	71	2078	ERG
195	71	2078	ERG
196	23	2261	FGFR3
197	53	2313	FLI1
198	72	668	FOXL2
199	27	3418	IDH2
200	73	10320	IKZF1
201	29	3815	KIT
202	29	3815	KIT
203	30	3845	KRAS
204	74	8202	NCOA3
205	74	8202	NCOA3
206	50	4851	NOTCH1
207	50	4851	NOTCH1
208	36	4893	NRAS
209	75	7849	PAX8
210	76	5241	PGR
212	37	5290	PIK3CA
213	41	5728	PTEN
214	41	5728	PTEN
215	44	23451	SF3B1
216	77	4089	SMAD4
217	78	6597	SMARCA4
218	78	6597	SMARCA4
219	79	7015	TERT
220	79	7015	TERT
221	45	7157	TP53
222	45	7157	TP53
223	45	7157	TP53
224	80	7270	TTF1
230	8950	11200	CHEK2
236	12112	51755	CDK12
238	9189	22978	NT5C2
239	9189	22978	NT5C2
240	9189	22978	NT5C2
241	4	25	ABL1
242	45	7157	TP53
243	69	472	ATM
244	69	472	ATM
245	3870	4771	NF2
247	38	5156	PDGFRA
248	79	7015	TERT
249	6144	7515	XRCC1
250	2473	2950	GSTP1
251	14842	79444	BIRC7
252	19	1956	EGFR
253	19	1956	EGFR
254	30	3845	KRAS
255	1741	2073	ERCC5
256	29	3815	KIT
257	63	2146	EZH2
258	3672	4524	MTHFR
259	2473	2950	GSTP1
260	7451	9429	ABCG2
261	6144	7515	XRCC1
262	4244	5243	ABCB1
263	4244	5243	ABCB1
264	1736	2068	ERCC2
265	5971	7298	TYMS
266	12146	53353	LRP1B
267	1885	2260	FGFR1
268	1885	2260	FGFR1
269	4941	6098	ROS1
270	52	4233	MET
271	524	545	ATR
272	14	1029	CDKN2A
273	42	5979	RET
274	2747	3265	HRAS
275	2747	3265	HRAS
276	11335	29126	CD274
277	2073	2475	MTOR
278	254	208	AKT2
279	3870	4771	NF2
281	12903	55294	FBXW7
282	77	4089	SMAD4
283	2073	2475	MTOR
284	2073	2475	MTOR
285	5	673	BRAF
286	5	673	BRAF
287	5	673	BRAF
288	5	673	BRAF
289	1733	2065	ERBB3
290	3976	4907	NT5E
291	63	2146	EZH2
292	3742	4615	MYD88
294	37	5290	PIK3CA
295	42	5979	RET
296	4875	6016	RIT1
297	4875	6016	RIT1
298	3741	4613	MYCN
299	5365	6608	SMO
300	5365	6608	SMO
301	4645	5727	PTCH1
302	4645	5727	PTCH1
303	5534	6794	STK11
304	5534	6794	STK11
305	5572	6850	SYK
306	20	2064	ERBB2
307	1	238	ALK
308	1	238	ALK
309	19	1956	EGFR
310	1734	2066	ERBB4
311	37	5290	PIK3CA
312	19	1956	EGFR
313	41	5728	PTEN
314	2593	3084	NRG1
315	389	374	AREG
316	5742	7039	TGFA
317	19	1956	EGFR
318	1737	2069	EREG
319	1627	1943	EFNA2
320	4532	5594	MAPK1
321	4532	5594	MAPK1
322	30	3845	KRAS
323	52	4233	MET
324	52	4233	MET
325	23	2261	FGFR3
326	9705	23624	CBLC
327	4692	5789	PTPRD
328	1428	1667	DEFA1
329	1735	2067	ERCC1
330	50	4851	NOTCH1
331	6104	7465	WEE1
332	1950	2342	FNTB
333	8878	11122	PTPRT
334	6071	7422	VEGFA
335	1510	1786	DNMT1
336	30	3845	KRAS
337	10573	27250	PDCD4
338	34	4255	MGMT
339	5737	7033	TFF3
340	9171	22943	DKK1
341	855	960	CD44
342	1634	1950	EGF
343	3465	4193	MDM2
344	2657	3162	HMOX1
345	7041	8877	SPHK1
346	761	841	CASP8
347	5971	7298	TYMS
348	13276	55872	PBK
349	78	6597	SMARCA4
350	10024	26040	SETBP1
351	10024	26040	SETBP1
352	1	238	ALK
354	19	1956	EGFR
355	913	1026	CDKN1A
356	259	214	ALCAM
357	3255	3925	STMN1
358	12121	51773	RSF1
359	67	367	AR
360	914	1027	CDKN1B
361	1733	2065	ERBB3
362	67	367	AR
363	6023	7361	UGT1A
364	1734	2066	ERBB4
365	1734	2066	ERBB4
366	16872	91607	SLFN11
367	4753	5879	RAC1
368	355	332	BIRC5
369	45	7157	TP53
370	3586	4361	MRE11
371	5845	7150	TOP1
372	914	1027	CDKN1B
373	8407	10551	AGR2
374	17016	93100	NAPRT
375	19	1956	EGFR
376	5649	6935	ZEB1
377	5777	7076	TIMP1
378	8908	11156	PTP4A3
379	5971	7298	TYMS
380	2899	3480	IGF1R
381	1721	2050	EPHB4
382	5971	7298	TYMS
383	5848	7153	TOP2A
384	5845	7150	TOP1
385	4503	5563	PRKAA2
386	2778	3309	HSPA5
387	1655	1978	EIF4EBP1
388	29	3815	KIT
389	8262	10381	TUBB3
390	19	1956	EGFR
391	2899	3480	IGF1R
392	7009	8837	CFLAR
393	7014	8842	PROM1
394	11587	50943	FOXP3
395	5013	6194	RPS6
396	3090	3716	JAK1
397	6	672	BRCA1
398	1567	1848	DUSP6
399	5	673	BRAF
400	2784	3315	HSPB1
401	1463	1728	NQO1
402	1463	1728	NQO1
403	6	672	BRCA1
404	4244	5243	ABCB1
405	6329	7852	CXCR4
406	11261	28986	MAGEH1
407	6906	8714	ABCC3
408	16656	89845	ABCC10
409	446	440	ASNS
410	927	1045	CDX2
411	5516	6774	STAT3
412	4419	5460	POU5F1
413	20	2064	ERBB2
414	20	2064	ERBB2
415	19	1956	EGFR
416	20	2064	ERBB2
417	5761	7058	THBS2
419	3983	4914	NTRK1
420	26	3417	IDH1
421	79	7015	TERT
422	8553	10735	STAG2
423	2622	3122	HLA-DRA
424	3742	4615	MYD88
425	30	3845	KRAS
426	5	673	BRAF
427	36	4893	NRAS
428	3586	4361	MRE11
429	29	3815	KIT
431	776	865	CBFB
432	3537	4297	KMT2A
433	2596	3091	HIF1A
434	2596	3091	HIF1A
435	1705	2034	EPAS1
436	58	7428	VHL
437	24	2322	FLT3
438	4616	5696	PSMB8
439	13276	55872	PBK
440	7297	9232	PTTG1
441	3274	3953	LEPR
442	19	1956	EGFR
443	19	1956	EGFR
444	3852	4739	NEDD9
445	1763	2114	ETS2
446	3215	3875	KRT18
447	1883	2258	FGF13
448	5500	6756	SSX1
449	5501	6757	SSX2
450	5503	6759	SSX4
451	4244	5243	ABCB1
453	19	1956	EGFR
454	19	1956	EGFR
455	19	1956	EGFR
456	1842	2212	FCGR2A
457	1844	2214	FCGR3A
458	1843	2213	FCGR2B
460	19	1956	EGFR
461	39	5371	PML
462	39	5371	PML
463	39	5371	PML
464	52	4233	MET
465	4941	6098	ROS1
466	1885	2260	FGFR1
467	3153	3791	KDR
468	3153	3791	KDR
469	47	7249	TSC2
470	2073	2475	MTOR
471	4765	5892	RAD51D
472	7024	8854	ALDH1A2
473	7024	8854	ALDH1A2
474	13948	57650	KIAA1524
475	13948	57650	KIAA1524
476	24938	407000	MIR218-1
477	6	672	BRCA1
479	30	3845	KRAS
480	18	1788	DNMT3A
481	13005	55510	DDX43
482	29	3815	KIT
483	11322	29110	TBK1
484	30	3845	KRAS
485	5534	6794	STK11
486	16394	84868	HAVCR2
487	3549	4313	MMP2
488	3553	4318	MMP9
490	8614	10808	HSPH1
491	8614	10808	HSPH1
492	26599	641700	ECSCR
493	12367	54538	ROBO4
494	4286	5292	PIM1
495	3465	4193	MDM2
496	20	2064	ERBB2
497	20	2064	ERBB2
498	24938	407000	MIR218-1
499	1	238	ALK
500	1	238	ALK
501	1	238	ALK
502	3153	3791	KDR
503	1	238	ALK
504	45	7157	TP53
505	2317	2776	GNAQ
506	2308	2767	GNA11
507	2317	2776	GNAQ
508	4371	5395	PMS2
509	29	3815	KIT
510	41	5728	PTEN
511	22	2263	FGFR2
512	1	238	ALK
513	1	238	ALK
514	1	238	ALK
515	1885	2260	FGFR1
516	4941	6098	ROS1
517	4941	6098	ROS1
518	4941	6098	ROS1
519	24	2322	FLT3
520	1	238	ALK
521	48	7307	U2AF1
522	5	673	BRAF
524	34321	100288687	DUX4
525	2239	2683	B4GALT1
526	7953	10018	BCL2L11
527	1	238	ALK
528	1	238	ALK
529	9538	23411	SIRT1
530	30	3845	KRAS
531	45	7157	TP53
532	15013	79728	PALB2
533	77	4089	SMAD4
534	1811	2176	FANCC
535	4176	5159	PDGFRB
536	5525	6783	SULT1E1
537	4795	5925	RB1
538	3532	4292	MLH1
539	4685	5781	PTPN11
540	24	2322	FLT3
541	15013	79728	PALB2
542	2073	2475	MTOR
543	2073	2475	MTOR
544	2073	2475	MTOR
545	22	2263	FGFR2
546	128	58	ACTA1
547	4795	5925	RB1
548	9722	23645	PPP1R15A
549	1	238	ALK
550	1	238	ALK
551	1	238	ALK
552	1	238	ALK
553	13	1019	CDK4
554	14	1029	CDKN2A
555	916	1030	CDKN2B
556	13	1019	CDK4
557	68	171023	ASXL1
558	2308	2767	GNA11
559	732	811	CALR
560	1239	1441	CSF3R
562	19	1956	EGFR
563	5	673	BRAF
564	77	4089	SMAD4
565	44	23451	SF3B1
566	4546	5609	MAP2K7
567	38	5156	PDGFRA
568	4176	5159	PDGFRB
569	1885	2260	FGFR1
570	27	3418	IDH2
571	28	3717	JAK2
572	2073	2475	MTOR
573	20480	253260	RICTOR
574	38	5156	PDGFRA
576	4941	6098	ROS1
577	38	5156	PDGFRA
578	355	332	BIRC5
579	5	673	BRAF
580	5	673	BRAF
581	5	673	BRAF
582	5	673	BRAF
583	5	673	BRAF
584	5	673	BRAF
585	5	673	BRAF
586	29	3815	KIT
587	3867	4763	NF1
588	1	238	ALK
589	1	238	ALK
590	353	330	BIRC3
591	4767	5894	RAF1
592	30	3845	KRAS
594	15	1050	CEBPA
595	5210	6427	SRSF2
596	36	4893	NRAS
597	42	5979	RET
599	1285	1493	CTLA4
600	67	367	AR
601	50	4851	NOTCH1
602	12	1021	CDK6
603	24	2322	FLT3
604	2317	2776	GNAQ
605	41	5728	PTEN
606	4795	5925	RB1
607	21	2099	ESR1
608	1	238	ALK
609	2073	2475	MTOR
610	2073	2475	MTOR
611	5	673	BRAF
612	24	2322	FLT3
613	24	2322	FLT3
614	3090	3716	JAK1
615	28	3717	JAK2
616	537	567	B2M
617	5	673	BRAF
618	5	673	BRAF
619	4659	5743	PTGS2
621	52	4233	MET
623	9935	25913	POT1
624	3529	4288	MKI67
625	4760	5887	RAD23B
626	42	5979	RET
627	31	5604	MAP2K1
628	23	2261	FGFR3
629	22	2263	FGFR2
630	1873	2248	FGF3
631	58	7428	VHL
632	4795	5925	RB1
633	4289	5295	PIK3R1
634	5534	6794	STK11
635	254	208	AKT2
636	41	5728	PTEN
637	12903	55294	FBXW7
638	4795	5925	RB1
639	3094	3725	JUN
640	1955	2353	FOS
641	14	1029	CDKN2A
642	3465	4193	MDM2
643	779	868	CBLB
644	593	639	PRDM1
645	26	3417	IDH1
646	77	4089	SMAD4
647	12146	53353	LRP1B
648	525	546	ATRX
649	52	4233	MET
650	761	841	CASP8
651	533	558	AXL
652	2186	2621	GAS6
653	1767	2118	ETV4
654	8552	10734	STAG3
655	31	5604	MAP2K1
656	5	673	BRAF
657	5	673	BRAF
658	5	673	BRAF
659	3870	4771	NF2
660	2596	3091	HIF1A
661	7	675	BRCA2
662	3532	4292	MLH1
663	12555	54880	BCOR
664	888	999	CDH1
665	399	387	RHOA
666	20	2064	ERBB2
667	3485	4221	MEN1
668	14089	58508	KMT2C
669	8553	10735	STAG2
670	3738	4610	MYCL
671	2591	3082	HGF
672	5418	6663	SOX10
673	1872	2247	FGF2
674	1646	1964	EIF1AX
683	75	7849	PAX8
691	12271	54206	ERRFI1
692	21	2099	ESR1
693	5225	6446	SGK1
694	5	673	BRAF
695	5356	6598	SMARCB1
696	5356	6598	SMARCB1
697	3870	4771	NF2
698	3867	4763	NF1
699	7954	10019	SH2B3
700	7502	9493	KIF23
701	1733	2065	ERBB3
702	1733	2065	ERBB3
703	1733	2065	ERBB3
705	1411	1647	GADD45A
706	54	2130	EWSR1
707	5813	7113	TMPRSS2
708	7	675	BRCA2
709	6	672	BRCA1
711	32083	100144748	KLLN
712	19	1956	EGFR
713	11761	51185	CRBN
714	46	7248	TSC1
715	5534	6794	STK11
716	38	5156	PDGFRA
717	1413	1649	DDIT3
718	19	1956	EGFR
719	9588	23476	BRD4
720	19	1956	EGFR
721	1342	1565	CYP2D6
722	1413	1649	DDIT3
723	19	1956	EGFR
724	19	1956	EGFR
725	3532	4292	MLH1
726	19	1956	EGFR
727	3628	4436	MSH2
728	3532	4292	MLH1
729	12422	54658	UGT1A1
730	3532	4292	MLH1
731	3532	4292	MLH1
732	12422	54658	UGT1A1
733	3532	4292	MLH1
734	3532	4292	MLH1
735	3532	4292	MLH1
736	19	1956	EGFR
737	1526	1806	DPYD
738	1526	1806	DPYD
739	1955	2353	FOS
740	1526	1806	DPYD
741	3532	4292	MLH1
742	9952	25937	WWTR1
743	3532	4292	MLH1
744	3532	4292	MLH1
745	3532	4292	MLH1
746	3532	4292	MLH1
747	3532	4292	MLH1
748	3532	4292	MLH1
749	3532	4292	MLH1
750	3532	4292	MLH1
751	3532	4292	MLH1
752	3532	4292	MLH1
753	3532	4292	MLH1
754	3532	4292	MLH1
755	2478	2956	MSH6
756	3532	4292	MLH1
757	3532	4292	MLH1
758	3532	4292	MLH1
759	3532	4292	MLH1
760	3532	4292	MLH1
761	2478	2956	MSH6
762	3628	4436	MSH2
763	3628	4436	MSH2
764	58	7428	VHL
765	2478	2956	MSH6
766	58	7428	VHL
767	2478	2956	MSH6
768	4371	5395	PMS2
769	3532	4292	MLH1
770	3628	4436	MSH2
771	58	7428	VHL
772	8351	10481	HOXB13
773	3628	4436	MSH2
774	38	5156	PDGFRA
775	2478	2956	MSH6
776	2478	2956	MSH6
777	8450	10599	SLCO1B1
778	8450	10599	SLCO1B1
779	5971	7298	TYMS
780	2279	2735	GLI1
781	1733	2065	ERBB3
782	22	2263	FGFR2
783	22	2263	FGFR2
784	916	1030	CDKN2B
785	8950	11200	CHEK2
787	8950	11200	CHEK2
788	8950	11200	CHEK2
792	4692	5789	PTPRD
793	58	7428	VHL
794	58	7428	VHL
795	5051	6240	RRM1
796	5052	6241	RRM2
797	4386	5426	POLE
798	52	4233	MET
799	4795	5925	RB1
800	3983	4914	NTRK1
801	3985	4916	NTRK3
802	43	861	RUNX1
803	43	861	RUNX1
804	43	861	RUNX1
805	3985	4916	NTRK3
806	43	861	RUNX1
807	43	861	RUNX1
808	3628	4436	MSH2
809	2478	2956	MSH6
810	43	861	RUNX1
811	1769	2120	ETV6
812	1769	2120	ETV6
813	1769	2120	ETV6
814	11932	51428	DDX41
816	20	2064	ERBB2
817	20	2064	ERBB2
818	20	2064	ERBB2
819	4690	5787	PTPRB
820	58	7428	VHL
821	2608	3107	HLA-C
822	3090	3716	JAK1
823	3364	4072	EPCAM
824	31	5604	MAP2K1
825	3	369	ARAF
826	2319	2778	GNAS
827	23	2261	FGFR3
828	22	2263	FGFR2
829	58	7428	VHL
830	23	2261	FGFR3
837	5365	6608	SMO
838	41	5728	PTEN
839	1	238	ALK
840	5	673	BRAF
841	5	673	BRAF
842	5	673	BRAF
843	58	7428	VHL
844	58	7428	VHL
845	58	7428	VHL
846	58	7428	VHL
847	58	7428	VHL
848	58	7428	VHL
849	58	7428	VHL
850	58	7428	VHL
851	58	7428	VHL
852	58	7428	VHL
853	3801	4683	NBN
854	2747	3265	HRAS
855	29	3815	KIT
856	1193	1387	CREBBP
857	3985	4916	NTRK3
858	1234	1435	CSF1
859	4941	6098	ROS1
860	3983	4914	NTRK1
861	19	1956	EGFR
862	38	5156	PDGFRA
863	38	5156	PDGFRA
864	38	5156	PDGFRA
865	38	5156	PDGFRA
866	3527	4286	MITF
867	3659	4507	MTAP
868	18353	137492	VPS37A
869	8292	10413	YAP1
870	65	695	BTK
871	20	2064	ERBB2
872	20	2064	ERBB2
873	20	2064	ERBB2
874	20	2064	ERBB2
875	20	2064	ERBB2
876	2319	2778	GNAS
877	2319	2778	GNAS
878	36	4893	NRAS
879	45	7157	TP53
880	26	3417	IDH1
881	37	5290	PIK3CA
882	37	5290	PIK3CA
883	37	5290	PIK3CA
884	37	5290	PIK3CA
885	37	5290	PIK3CA
886	37	5290	PIK3CA
890	19	1956	EGFR
891	19	1956	EGFR
892	4	25	ABL1
893	36	4893	NRAS
895	36	4893	NRAS
896	36	4893	NRAS
897	36	4893	NRAS
898	36	4893	NRAS
901	69	472	ATM
902	69	472	ATM
903	69	472	ATM
904	69	472	ATM
905	30	3845	KRAS
906	30	3845	KRAS
907	30	3845	KRAS
908	30	3845	KRAS
909	30	3845	KRAS
910	30	3845	KRAS
911	30	3845	KRAS
913	30	3845	KRAS
918	45	7157	TP53
922	45	7157	TP53
925	5534	6794	STK11
927	26	3417	IDH1
928	26	3417	IDH1
930	37	5290	PIK3CA
931	37	5290	PIK3CA
933	37	5290	PIK3CA
934	37	5290	PIK3CA
935	37	5290	PIK3CA
937	37	5290	PIK3CA
938	37	5290	PIK3CA
939	37	5290	PIK3CA
940	37	5290	PIK3CA
941	38	5156	PDGFRA
943	38	5156	PDGFRA
946	29	3815	KIT
948	29	3815	KIT
949	29	3815	KIT
950	29	3815	KIT
951	29	3815	KIT
952	29	3815	KIT
953	29	3815	KIT
954	29	3815	KIT
955	29	3815	KIT
956	29	3815	KIT
957	29	3815	KIT
958	29	3815	KIT
959	29	3815	KIT
960	29	3815	KIT
961	29	3815	KIT
962	29	3815	KIT
963	29	3815	KIT
964	29	3815	KIT
965	29	3815	KIT
966	29	3815	KIT
967	29	3815	KIT
968	29	3815	KIT
969	29	3815	KIT
970	29	3815	KIT
971	29	3815	KIT
972	29	3815	KIT
974	29	3815	KIT
975	29	3815	KIT
976	29	3815	KIT
977	29	3815	KIT
978	29	3815	KIT
979	29	3815	KIT
980	29	3815	KIT
981	29	3815	KIT
983	29	3815	KIT
984	29	3815	KIT
986	29	3815	KIT
987	29	3815	KIT
989	29	3815	KIT
990	29	3815	KIT
991	5	673	BRAF
992	5	673	BRAF
993	5	673	BRAF
994	19	1956	EGFR
995	19	1956	EGFR
996	19	1956	EGFR
999	19	1956	EGFR
1001	19	1956	EGFR
1002	19	1956	EGFR
1003	19	1956	EGFR
1004	19	1956	EGFR
1005	19	1956	EGFR
1006	19	1956	EGFR
1007	19	1956	EGFR
1008	19	1956	EGFR
1009	19	1956	EGFR
1010	19	1956	EGFR
1011	19	1956	EGFR
1012	19	1956	EGFR
1013	19	1956	EGFR
1016	19	1956	EGFR
1017	19	1956	EGFR
1018	19	1956	EGFR
1020	19	1956	EGFR
1021	4	25	ABL1
1022	4	25	ABL1
1023	4	25	ABL1
1024	4	25	ABL1
1025	4	25	ABL1
1026	4	25	ABL1
1027	4	25	ABL1
1029	4	25	ABL1
1030	4	25	ABL1
1031	50	4851	NOTCH1
1032	50	4851	NOTCH1
1033	50	4851	NOTCH1
1034	50	4851	NOTCH1
1045	45	7157	TP53
1049	45	7157	TP53
1066	45	7157	TP53
1068	45	7157	TP53
1092	45	7157	TP53
1103	30	3845	KRAS
1104	30	3845	KRAS
1105	30	3845	KRAS
1106	5	673	BRAF
1107	5	673	BRAF
1108	45	7157	TP53
1109	45	7157	TP53
1120	30	3845	KRAS
1121	5	673	BRAF
1127	50	4851	NOTCH1
1140	50	4851	NOTCH1
1142	50	4851	NOTCH1
1143	50	4851	NOTCH1
1144	50	4851	NOTCH1
1145	50	4851	NOTCH1
1151	37	5290	PIK3CA
1152	4	25	ABL1
1153	69	472	ATM
1154	69	472	ATM
1155	69	472	ATM
1156	69	472	ATM
1157	69	472	ATM
1158	69	472	ATM
1159	69	472	ATM
1160	69	472	ATM
1161	69	472	ATM
1162	69	472	ATM
1163	69	472	ATM
1164	69	472	ATM
1165	69	472	ATM
1166	69	472	ATM
1167	69	472	ATM
1168	69	472	ATM
1169	69	472	ATM
1170	69	472	ATM
1171	69	472	ATM
1172	69	472	ATM
1173	4	25	ABL1
1174	50	4851	NOTCH1
1175	36	4893	NRAS
1178	37	5290	PIK3CA
1181	19	1956	EGFR
1182	19	1956	EGFR
1183	4	25	ABL1
1184	4	25	ABL1
1186	5	673	BRAF
1187	19	1956	EGFR
1188	19	1956	EGFR
1196	5	673	BRAF
1206	29	3815	KIT
1214	19	1956	EGFR
1227	7936	10000	AKT3
1230	4	25	ABL1
1231	4	25	ABL1
1232	4	25	ABL1
1233	4	25	ABL1
1234	37	5290	PIK3CA
1235	37	5290	PIK3CA
1236	6	672	BRCA1
1237	6	672	BRCA1
1238	6	672	BRCA1
1239	6	672	BRCA1
1240	6	672	BRCA1
1241	6	672	BRCA1
1242	6	672	BRCA1
1243	6	672	BRCA1
1244	6	672	BRCA1
1245	6	672	BRCA1
1246	6	672	BRCA1
1247	7	675	BRCA2
1248	7	675	BRCA2
1249	7	675	BRCA2
1250	7	675	BRCA2
1251	7	675	BRCA2
1252	7	675	BRCA2
1253	7	675	BRCA2
1254	45	7157	TP53
1255	34	4255	MGMT
1256	79	7015	TERT
1257	5051	6240	RRM1
1258	4695	5792	PTPRF
1259	221	165	AEBP1
1260	42	5979	RET
1261	3465	4193	MDM2
1262	3466	4194	MDM4
1263	29	3815	KIT
1264	29	3815	KIT
1265	29	3815	KIT
1266	29	3815	KIT
1267	29	3815	KIT
1268	3466	4194	MDM4
1269	5	673	BRAF
1270	31	5604	MAP2K1
1271	4941	6098	ROS1
1272	31	5604	MAP2K1
1273	1278	1485	CTAG1B
1274	11492	30848	CTAG2
1275	1	238	ALK
1276	5365	6608	SMO
1277	3985	4916	NTRK3
1278	3983	4914	NTRK1
1279	9588	23476	BRD4
1280	3983	4914	NTRK1
1281	3985	4916	NTRK3
1282	3983	4914	NTRK1
1283	906	1017	CDK2
1284	1396	1630	DCC
1285	1290	1499	CTNNB1
1286	1290	1499	CTNNB1
1287	1290	1499	CTNNB1
1288	3091	3718	JAK3
1289	3091	3718	JAK3
1290	3091	3718	JAK3
1291	3090	3716	JAK1
1292	3090	3716	JAK1
1293	6559	8289	ARID1A
1294	58	7428	VHL
1295	1	238	ALK
1296	1290	1499	CTNNB1
1298	5	673	BRAF
1299	8331	10461	MERTK
1300	45	7157	TP53
1301	7936	10000	AKT3
1302	24	2322	FLT3
1303	3737	4609	MYC
1304	20	2064	ERBB2
1305	20	2064	ERBB2
1306	45	7157	TP53
1307	45	7157	TP53
1308	20	2064	ERBB2
1309	20	2064	ERBB2
1310	20	2064	ERBB2
1311	20	2064	ERBB2
1312	20	2064	ERBB2
1313	20	2064	ERBB2
1314	20	2064	ERBB2
1316	29	3815	KIT
1317	36	4893	NRAS
1318	45	7157	TP53
1319	2319	2778	GNAS
1320	20	2064	ERBB2
1387	2747	3265	HRAS
1390	19	1956	EGFR
1391	2747	3265	HRAS
1392	2747	3265	HRAS
1393	2747	3265	HRAS
1394	2747	3265	HRAS
1395	30	3845	KRAS
1396	30	3845	KRAS
1397	24	2322	FLT3
1398	4542	5605	MAP2K2
1400	23	2261	FGFR3
1402	29	3815	KIT
1413	19	1956	EGFR
1420	19	1956	EGFR
1433	19	1956	EGFR
1443	19	1956	EGFR
1445	19	1956	EGFR
1446	19	1956	EGFR
1457	19	1956	EGFR
1463	19	1956	EGFR
1465	19	1956	EGFR
1466	19	1956	EGFR
1467	19	1956	EGFR
1474	19	1956	EGFR
1477	19	1956	EGFR
1482	19	1956	EGFR
1487	4	25	ABL1
1488	4	25	ABL1
1489	2747	3265	HRAS
1491	30	3845	KRAS
1492	1	238	ALK
1493	1	238	ALK
1494	4	25	ABL1
1495	4	25	ABL1
1496	4	25	ABL1
1497	29	3815	KIT
1498	29	3815	KIT
1499	37	5290	PIK3CA
1500	37	5290	PIK3CA
1503	12903	55294	FBXW7
1504	12903	55294	FBXW7
1505	1	238	ALK
1506	4	25	ABL1
1507	4	25	ABL1
1508	4	25	ABL1
1509	4	25	ABL1
1510	6559	8289	ARID1A
1511	19	1956	EGFR
1513	19	1956	EGFR
1514	19	1956	EGFR
1515	19	1956	EGFR
1517	30	3845	KRAS
1518	38	5156	PDGFRA
1520	2073	2475	MTOR
1521	14	1029	CDKN2A
1522	14	1029	CDKN2A
1523	4	25	ABL1
1524	4	25	ABL1
1525	4	25	ABL1
1526	4	25	ABL1
1527	4	25	ABL1
1528	4	25	ABL1
1529	4	25	ABL1
1530	4	25	ABL1
1531	4	25	ABL1
1532	4	25	ABL1
1533	4	25	ABL1
1534	4	25	ABL1
1535	4	25	ABL1
1536	4	25	ABL1
1537	4	25	ABL1
1538	4	25	ABL1
1539	38	5156	PDGFRA
1540	38	5156	PDGFRA
1541	29	3815	KIT
1542	29	3815	KIT
1543	29	3815	KIT
1544	24	2322	FLT3
1545	29	3815	KIT
1546	29	3815	KIT
1547	29	3815	KIT
1548	29	3815	KIT
1549	29	3815	KIT
1550	29	3815	KIT
1551	29	3815	KIT
1552	4532	5594	MAPK1
1553	1	238	ALK
1554	1	238	ALK
1555	6	672	BRCA1
1556	1	238	ALK
1557	20	2064	ERBB2
1558	29	3815	KIT
1559	29	3815	KIT
1560	5365	6608	SMO
1561	5365	6608	SMO
1562	5365	6608	SMO
1563	5365	6608	SMO
1564	5365	6608	SMO
1566	19	1956	EGFR
1567	19	1956	EGFR
1569	19	1956	EGFR
1570	5365	6608	SMO
1571	19	1956	EGFR
1572	19	1956	EGFR
1573	19	1956	EGFR
1574	19	1956	EGFR
1575	19	1956	EGFR
1576	5365	6608	SMO
1577	19	1956	EGFR
1578	19	1956	EGFR
1579	19	1956	EGFR
1580	19	1956	EGFR
1581	19	1956	EGFR
1582	19	1956	EGFR
1583	5365	6608	SMO
1584	5365	6608	SMO
1585	5365	6608	SMO
1586	5365	6608	SMO
1587	5365	6608	SMO
1588	5365	6608	SMO
1589	5365	6608	SMO
1590	4645	5727	PTCH1
1591	4645	5727	PTCH1
1592	4645	5727	PTCH1
1593	4645	5727	PTCH1
1595	4	25	ABL1
1596	4	25	ABL1
1597	4	25	ABL1
1598	4	25	ABL1
1599	4	25	ABL1
1600	4	25	ABL1
1601	4	25	ABL1
1602	4	25	ABL1
1603	4	25	ABL1
1604	4	25	ABL1
1605	4	25	ABL1
1606	4	25	ABL1
1607	4	25	ABL1
1608	4	25	ABL1
1609	4	25	ABL1
1610	4	25	ABL1
1611	4	25	ABL1
1612	4	25	ABL1
1613	4	25	ABL1
1614	4	25	ABL1
1615	4	25	ABL1
1616	4	25	ABL1
1617	4	25	ABL1
1618	4	25	ABL1
1619	4	25	ABL1
1620	4	25	ABL1
1621	4	25	ABL1
1622	4	25	ABL1
1623	4	25	ABL1
1624	4	25	ABL1
1625	4	25	ABL1
1626	31	5604	MAP2K1
1627	5	673	BRAF
1628	3867	4763	NF1
1630	24	2322	FLT3
1631	24	2322	FLT3
1632	24	2322	FLT3
1635	19	1956	EGFR
1638	19	1956	EGFR
1639	4	25	ABL1
1640	4	25	ABL1
1641	4941	6098	ROS1
1642	4384	5424	POLD1
1643	5128	6334	SCN8A
1644	18364	137902	PXDNL
1645	14195	60676	PAPPA2
1646	13465	56655	POLE4
1647	4384	5424	POLD1
1648	4384	5424	POLD1
1649	52	4233	MET
1650	5	673	BRAF
1651	52	4233	MET
1652	4290	5296	PIK3R2
1653	37	5290	PIK3CA
1654	36	4893	NRAS
1656	4	25	ABL1
1657	4	25	ABL1
1658	5	673	BRAF
1659	29	3815	KIT
1660	52	4233	MET
1661	1	238	ALK
1662	19	1956	EGFR
1663	5	673	BRAF
1664	19	1956	EGFR
1665	19	1956	EGFR
1666	19	1956	EGFR
1667	19	1956	EGFR
1668	19	1956	EGFR
1669	3359	4067	LYN
1670	4941	6098	ROS1
1671	4941	6098	ROS1
1672	19	1956	EGFR
1673	1734	2066	ERBB4
1674	21	2099	ESR1
1675	21	2099	ESR1
1676	12903	55294	FBXW7
1677	12903	55294	FBXW7
1678	12903	55294	FBXW7
1679	12903	55294	FBXW7
1680	4767	5894	RAF1
1681	28	3717	JAK2
1682	6559	8289	ARID1A
1683	1	238	ALK
1684	4630	5710	PSMD4
1685	12	1021	CDK6
1686	154	90	ACVR1
1687	42	5979	RET
1688	42	5979	RET
1689	42	5979	RET
1690	42	5979	RET
1691	23	2261	FGFR3
1692	23	2261	FGFR3
1693	981	1111	CHEK1
1694	58	7428	VHL
1695	45	7157	TP53
1696	45	7157	TP53
1697	45	7157	TP53
1698	45	7157	TP53
1699	45	7157	TP53
1700	42	5979	RET
1733	58	7428	VHL
1734	58	7428	VHL
1735	58	7428	VHL
1736	58	7428	VHL
1737	58	7428	VHL
1738	58	7428	VHL
1739	58	7428	VHL
1741	58	7428	VHL
1742	58	7428	VHL
1743	58	7428	VHL
1744	58	7428	VHL
1745	58	7428	VHL
1746	58	7428	VHL
1747	58	7428	VHL
1748	58	7428	VHL
1749	58	7428	VHL
1750	58	7428	VHL
1752	58	7428	VHL
1754	58	7428	VHL
1755	58	7428	VHL
1756	58	7428	VHL
1757	58	7428	VHL
1758	58	7428	VHL
1759	58	7428	VHL
1760	58	7428	VHL
1761	58	7428	VHL
1762	58	7428	VHL
1763	58	7428	VHL
1764	58	7428	VHL
1765	19	1956	EGFR
1766	58	7428	VHL
1767	58	7428	VHL
1768	58	7428	VHL
1769	58	7428	VHL
1770	58	7428	VHL
1771	58	7428	VHL
1772	58	7428	VHL
1773	58	7428	VHL
1774	58	7428	VHL
1775	58	7428	VHL
1776	58	7428	VHL
1777	58	7428	VHL
1778	58	7428	VHL
1779	58	7428	VHL
1780	58	7428	VHL
1781	58	7428	VHL
1782	58	7428	VHL
1783	58	7428	VHL
1784	58	7428	VHL
1785	58	7428	VHL
1786	58	7428	VHL
1787	58	7428	VHL
1788	58	7428	VHL
1789	58	7428	VHL
1790	58	7428	VHL
1791	58	7428	VHL
1792	58	7428	VHL
1793	58	7428	VHL
1794	58	7428	VHL
1795	58	7428	VHL
1796	58	7428	VHL
1797	58	7428	VHL
1798	58	7428	VHL
1800	58	7428	VHL
1801	58	7428	VHL
1802	58	7428	VHL
1803	58	7428	VHL
1804	58	7428	VHL
1805	58	7428	VHL
1806	58	7428	VHL
1807	58	7428	VHL
1808	58	7428	VHL
1809	58	7428	VHL
1810	58	7428	VHL
1811	58	7428	VHL
1812	58	7428	VHL
1813	58	7428	VHL
1814	58	7428	VHL
1815	58	7428	VHL
1816	58	7428	VHL
1818	58	7428	VHL
1819	58	7428	VHL
1820	58	7428	VHL
1821	58	7428	VHL
1822	58	7428	VHL
1823	58	7428	VHL
1824	58	7428	VHL
1825	58	7428	VHL
1826	58	7428	VHL
1827	58	7428	VHL
1828	58	7428	VHL
1829	58	7428	VHL
1830	4386	5426	POLE
1831	4386	5426	POLE
1832	4386	5426	POLE
1833	58	7428	VHL
1834	58	7428	VHL
1835	58	7428	VHL
1836	58	7428	VHL
1837	58	7428	VHL
1838	58	7428	VHL
1839	58	7428	VHL
1840	58	7428	VHL
1841	58	7428	VHL
1843	58	7428	VHL
1844	58	7428	VHL
1845	58	7428	VHL
1846	58	7428	VHL
1847	58	7428	VHL
1848	58	7428	VHL
1849	58	7428	VHL
1850	58	7428	VHL
1851	58	7428	VHL
1852	58	7428	VHL
1853	58	7428	VHL
1854	19	1956	EGFR
1855	58	7428	VHL
1856	58	7428	VHL
1857	58	7428	VHL
1858	58	7428	VHL
1859	58	7428	VHL
1860	58	7428	VHL
1861	58	7428	VHL
1862	58	7428	VHL
1863	19	1956	EGFR
1864	58	7428	VHL
1865	58	7428	VHL
1866	19	1956	EGFR
1867	58	7428	VHL
1868	58	7428	VHL
1869	58	7428	VHL
1871	58	7428	VHL
1872	58	7428	VHL
1873	58	7428	VHL
1874	58	7428	VHL
1875	58	7428	VHL
1876	9326	23152	CIC
1877	1764	2115	ETV1
1878	1768	2119	ETV5
1879	22231	342371	ATXN1L
1880	69	472	ATM
1881	69	472	ATM
1883	58	7428	VHL
1884	58	7428	VHL
1885	58	7428	VHL
1886	58	7428	VHL
1887	58	7428	VHL
1888	58	7428	VHL
1889	58	7428	VHL
1891	19	1956	EGFR
1892	19	1956	EGFR
1893	58	7428	VHL
1894	19	1956	EGFR
1895	19	1956	EGFR
1896	19	1956	EGFR
1897	19	1956	EGFR
1899	19	1956	EGFR
1902	58	7428	VHL
1903	58	7428	VHL
1904	58	7428	VHL
1905	58	7428	VHL
1906	58	7428	VHL
1907	58	7428	VHL
1908	58	7428	VHL
1909	58	7428	VHL
1910	58	7428	VHL
1911	58	7428	VHL
1912	58	7428	VHL
1913	58	7428	VHL
1914	58	7428	VHL
1915	58	7428	VHL
1916	58	7428	VHL
1917	58	7428	VHL
1918	58	7428	VHL
1919	58	7428	VHL
1920	58	7428	VHL
1921	58	7428	VHL
1922	58	7428	VHL
1923	58	7428	VHL
1924	58	7428	VHL
1925	58	7428	VHL
1926	58	7428	VHL
1927	58	7428	VHL
1928	58	7428	VHL
1929	58	7428	VHL
1930	58	7428	VHL
1931	58	7428	VHL
1932	58	7428	VHL
1933	58	7428	VHL
1934	58	7428	VHL
1935	58	7428	VHL
1936	58	7428	VHL
1937	58	7428	VHL
1938	58	7428	VHL
1939	58	7428	VHL
1940	58	7428	VHL
1941	58	7428	VHL
1942	58	7428	VHL
1943	58	7428	VHL
1944	58	7428	VHL
1945	58	7428	VHL
1946	58	7428	VHL
1947	58	7428	VHL
1948	58	7428	VHL
1949	58	7428	VHL
1951	58	7428	VHL
1952	58	7428	VHL
1953	58	7428	VHL
1954	58	7428	VHL
1955	58	7428	VHL
1956	58	7428	VHL
1957	58	7428	VHL
1958	58	7428	VHL
1959	58	7428	VHL
1960	58	7428	VHL
1961	58	7428	VHL
1962	58	7428	VHL
1963	58	7428	VHL
1964	58	7428	VHL
1965	58	7428	VHL
1966	58	7428	VHL
1967	58	7428	VHL
1968	58	7428	VHL
1969	58	7428	VHL
1970	58	7428	VHL
1971	58	7428	VHL
1972	58	7428	VHL
1973	58	7428	VHL
1974	58	7428	VHL
1975	58	7428	VHL
1976	58	7428	VHL
1977	58	7428	VHL
1978	58	7428	VHL
1979	58	7428	VHL
1980	58	7428	VHL
1981	58	7428	VHL
1982	12074	51684	SUFU
1983	4645	5727	PTCH1
1986	58	7428	VHL
1987	58	7428	VHL
1988	58	7428	VHL
1989	58	7428	VHL
1990	58	7428	VHL
1991	37	5290	PIK3CA
1992	58	7428	VHL
1993	58	7428	VHL
1994	58	7428	VHL
1995	58	7428	VHL
1996	58	7428	VHL
1997	58	7428	VHL
1998	58	7428	VHL
1999	58	7428	VHL
2000	58	7428	VHL
2001	58	7428	VHL
2002	58	7428	VHL
2003	58	7428	VHL
2004	58	7428	VHL
2005	58	7428	VHL
2006	58	7428	VHL
2007	58	7428	VHL
2008	58	7428	VHL
2009	58	7428	VHL
2010	58	7428	VHL
2011	58	7428	VHL
2012	58	7428	VHL
2013	58	7428	VHL
2014	58	7428	VHL
2015	58	7428	VHL
2016	58	7428	VHL
2017	58	7428	VHL
2019	58	7428	VHL
2020	58	7428	VHL
2021	58	7428	VHL
2022	58	7428	VHL
2023	58	7428	VHL
2024	58	7428	VHL
2026	58	7428	VHL
2027	58	7428	VHL
2028	58	7428	VHL
2029	58	7428	VHL
2030	58	7428	VHL
2032	58	7428	VHL
2033	58	7428	VHL
2034	58	7428	VHL
2035	58	7428	VHL
2036	58	7428	VHL
2037	58	7428	VHL
2038	58	7428	VHL
2039	58	7428	VHL
2040	58	7428	VHL
2041	58	7428	VHL
2042	58	7428	VHL
2043	58	7428	VHL
2044	58	7428	VHL
2045	58	7428	VHL
2046	58	7428	VHL
2047	1290	1499	CTNNB1
2048	58	7428	VHL
2049	58	7428	VHL
2050	9533	23405	DICER1
2051	9533	23405	DICER1
2052	9533	23405	DICER1
2053	58	7428	VHL
2054	58	7428	VHL
2055	58	7428	VHL
2056	58	7428	VHL
2057	58	7428	VHL
2058	58	7428	VHL
2059	58	7428	VHL
2060	58	7428	VHL
2061	154	90	ACVR1
2063	5534	6794	STK11
2064	58	7428	VHL
2065	58	7428	VHL
2066	58	7428	VHL
2067	58	7428	VHL
2068	58	7428	VHL
2069	58	7428	VHL
2070	58	7428	VHL
2073	58	7428	VHL
2074	58	7428	VHL
2075	58	7428	VHL
2076	58	7428	VHL
2077	58	7428	VHL
2078	58	7428	VHL
2079	58	7428	VHL
2080	58	7428	VHL
2081	58	7428	VHL
2082	58	7428	VHL
2083	58	7428	VHL
2084	58	7428	VHL
2085	58	7428	VHL
2086	58	7428	VHL
2087	58	7428	VHL
2088	58	7428	VHL
2089	58	7428	VHL
2090	58	7428	VHL
2091	58	7428	VHL
2092	58	7428	VHL
2093	58	7428	VHL
2094	58	7428	VHL
2095	58	7428	VHL
2096	58	7428	VHL
2097	58	7428	VHL
2098	58	7428	VHL
2099	58	7428	VHL
2100	58	7428	VHL
2101	58	7428	VHL
2103	58	7428	VHL
2104	58	7428	VHL
2105	58	7428	VHL
2106	58	7428	VHL
2107	58	7428	VHL
2108	6559	8289	ARID1A
2109	63	2146	EZH2
2110	58	7428	VHL
2112	58	7428	VHL
2113	58	7428	VHL
2114	58	7428	VHL
2115	58	7428	VHL
2116	58	7428	VHL
2117	58	7428	VHL
2118	58	7428	VHL
2119	58	7428	VHL
2120	58	7428	VHL
2121	58	7428	VHL
2122	58	7428	VHL
2123	58	7428	VHL
2124	58	7428	VHL
2125	58	7428	VHL
2126	58	7428	VHL
2127	58	7428	VHL
2128	58	7428	VHL
2129	58	7428	VHL
2130	58	7428	VHL
2131	58	7428	VHL
2132	58	7428	VHL
2133	58	7428	VHL
2134	58	7428	VHL
2135	58	7428	VHL
2136	58	7428	VHL
2137	58	7428	VHL
2138	58	7428	VHL
2139	58	7428	VHL
2140	58	7428	VHL
2141	58	7428	VHL
2142	58	7428	VHL
2143	58	7428	VHL
2144	58	7428	VHL
2145	58	7428	VHL
2146	58	7428	VHL
2147	58	7428	VHL
2148	58	7428	VHL
2149	58	7428	VHL
2150	58	7428	VHL
2151	58	7428	VHL
2152	58	7428	VHL
2153	58	7428	VHL
2154	58	7428	VHL
2155	58	7428	VHL
2156	58	7428	VHL
2157	58	7428	VHL
2158	58	7428	VHL
2159	67	367	AR
2160	58	7428	VHL
2161	58	7428	VHL
2162	58	7428	VHL
2163	1285	1493	CTLA4
2164	5167	6376	CX3CL1
2165	1810	2175	FANCA
2166	2593	3084	NRG1
2167	1887	2264	FGFR4
2168	8032	10111	RAD50
2169	65	695	BTK
2170	4327	5336	PLCG2
2171	47	7249	TSC2
2172	2073	2475	MTOR
2173	58	7428	VHL
2174	19	1956	EGFR
2175	58	7428	VHL
2176	58	7428	VHL
2177	58	7428	VHL
2178	2593	3084	NRG1
2179	2593	3084	NRG1
2180	5939	7259	TSPYL1
2181	58	7428	VHL
2182	58	7428	VHL
2184	58	7428	VHL
2185	58	7428	VHL
2186	58	7428	VHL
2187	58	7428	VHL
2188	58	7428	VHL
2189	58	7428	VHL
2190	58	7428	VHL
2191	58	7428	VHL
2192	58	7428	VHL
2193	58	7428	VHL
2194	58	7428	VHL
2195	9533	23405	DICER1
2196	9533	23405	DICER1
2197	9533	23405	DICER1
2198	9533	23405	DICER1
2199	9533	23405	DICER1
2200	9533	23405	DICER1
2201	9533	23405	DICER1
2202	22	2263	FGFR2
2203	19	1956	EGFR
2204	3153	3791	KDR
2205	1938	2324	FLT4
2206	22	2263	FGFR2
2207	15403	80380	PDCD1LG2
2208	3236	3902	LAG3
2209	8524	10683	DLL3
2210	446	440	ASNS
2211	70	8314	BAP1
2212	70	8314	BAP1
2213	19	1956	EGFR
2214	19	1956	EGFR
2215	19	1956	EGFR
2216	19	1956	EGFR
2217	19	1956	EGFR
2218	1	238	ALK
2219	549	580	BARD1
2220	1	238	ALK
2221	5	673	BRAF
2222	5	673	BRAF
2223	5	673	BRAF
2224	5	673	BRAF
2225	5	673	BRAF
2226	5	673	BRAF
2227	5	673	BRAF
2228	5	673	BRAF
2229	5	673	BRAF
2230	450	445	ASS1
2231	19959	201163	FLCN
2232	19959	201163	FLCN
2233	59	596	BCL2
2234	64	8085	KMT2D
2235	4791	5921	RASA1
2236	69	472	ATM
2237	6538	8242	KDM5C
2238	549	580	BARD1
2239	5870	7178	TPT1
2240	8787	11011	TLK2
2241	58	7428	VHL
2242	58	7428	VHL
2243	58	7428	VHL
2244	58	7428	VHL
2245	58	7428	VHL
2246	58	7428	VHL
2247	58	7428	VHL
2248	58	7428	VHL
2249	58	7428	VHL
2250	58	7428	VHL
2251	58	7428	VHL
2252	58	7428	VHL
2253	58	7428	VHL
2254	1390	1622	DBI
2255	19	1956	EGFR
2256	19	1956	EGFR
2257	19	1956	EGFR
2258	19	1956	EGFR
2259	19	1956	EGFR
2260	52	4233	MET
2261	58	7428	VHL
2262	58	7428	VHL
2263	58	7428	VHL
2264	58	7428	VHL
2265	58	7428	VHL
2266	58	7428	VHL
2267	58	7428	VHL
2268	58	7428	VHL
2269	58	7428	VHL
2270	58	7428	VHL
2271	58	7428	VHL
2272	58	7428	VHL
2273	58	7428	VHL
2274	58	7428	VHL
2275	154	90	ACVR1
2276	18420	139285	AMER1
2277	14303	64109	CRLF2
2279	14303	64109	CRLF2
2280	154	90	ACVR1
2281	1290	1499	CTNNB1
2282	11314	29102	DROSHA
2283	154	90	ACVR1
2285	14303	64109	CRLF2
2286	2593	3084	NRG1
2287	3984	4915	NTRK2
2288	3983	4914	NTRK1
2289	3983	4914	NTRK1
2290	58	7428	VHL
2291	58	7428	VHL
2292	58	7428	VHL
2293	58	7428	VHL
2294	58	7428	VHL
2298	58	7428	VHL
2299	58	7428	VHL
2300	58	7428	VHL
2301	58	7428	VHL
2302	58	7428	VHL
2303	58	7428	VHL
2304	58	7428	VHL
2305	58	7428	VHL
2306	58	7428	VHL
2307	58	7428	VHL
2308	58	7428	VHL
2309	58	7428	VHL
2310	58	7428	VHL
2311	58	7428	VHL
2312	58	7428	VHL
2313	58	7428	VHL
2314	58	7428	VHL
2315	58	7428	VHL
2316	58	7428	VHL
2317	58	7428	VHL
2318	58	7428	VHL
2319	58	7428	VHL
2320	58	7428	VHL
2321	58	7428	VHL
2322	58	7428	VHL
2323	58	7428	VHL
2324	58	7428	VHL
2325	58	7428	VHL
2326	58	7428	VHL
2327	58	7428	VHL
2328	58	7428	VHL
2329	58	7428	VHL
2330	20	2064	ERBB2
2331	20	2064	ERBB2
2332	19	1956	EGFR
2333	19	1956	EGFR
2334	19	1956	EGFR
2335	4	25	ABL1
2336	37	5290	PIK3CA
2337	37	5290	PIK3CA
2340	4	25	ABL1
2343	4	25	ABL1
2346	3532	4292	MLH1
2347	2975	3575	IL7R
2348	2975	3575	IL7R
2349	2975	3575	IL7R
2350	14303	64109	CRLF2
2358	4	25	ABL1
2359	4	25	ABL1
2360	2	207	AKT1
2361	5	673	BRAF
2362	37	5290	PIK3CA
2363	4290	5296	PIK3R2
2364	15344	80243	PREX2
2366	41	5728	PTEN
2367	58	7428	VHL
2370	4	25	ABL1
2371	4	25	ABL1
2372	52	4233	MET
2373	58	7428	VHL
2374	58	7428	VHL
2375	4	25	ABL1
2376	4	25	ABL1
2377	4868	6009	RHEB
2378	6	672	BRCA1
2379	7	675	BRCA2
2380	58	7428	VHL
2381	58	7428	VHL
2382	58	7428	VHL
2383	58	7428	VHL
2384	14284	64081	PBLD
2385	54	2130	EWSR1
2386	12271	54206	ERRFI1
2387	1239	1441	CSF3R
2388	732	811	CALR
2389	3577	4352	MPL
2390	31	5604	MAP2K1
2391	31	5604	MAP2K1
2392	4682	5777	PTPN6
2393	3983	4914	NTRK1
2394	3983	4914	NTRK1
2395	3983	4914	NTRK1
2396	3984	4915	NTRK2
2397	1204	1399	CRKL
2398	5	673	BRAF
2399	23	2261	FGFR3
2400	23	2261	FGFR3
2401	23	2261	FGFR3
2402	23	2261	FGFR3
2403	23	2261	FGFR3
2404	23	2261	FGFR3
2405	23	2261	FGFR3
2406	23	2261	FGFR3
2407	23	2261	FGFR3
2408	5	673	BRAF
2409	1735	2067	ERCC1
2410	1735	2067	ERCC1
2411	5177	6390	SDHB
2412	22	2263	FGFR2
2413	77	4089	SMAD4
2414	31	5604	MAP2K1
2415	77	4089	SMAD4
2416	2537	3020	H3F3A
2417	22	2263	FGFR2
2418	8160	10253	SPRY2
2419	5731	7026	NR2F2
2420	2538	3021	H3F3B
2421	2537	3020	H3F3A
2422	3985	4916	NTRK3
2423	58	7428	VHL
2424	14089	58508	KMT2C
2425	58	7428	VHL
2426	58	7428	VHL
2427	58	7428	VHL
2428	58	7428	VHL
2429	58	7428	VHL
2430	58	7428	VHL
2431	58	7428	VHL
2432	58	7428	VHL
2433	58	7428	VHL
2434	58	7428	VHL
2435	58	7428	VHL
2436	58	7428	VHL
2437	58	7428	VHL
2438	58	7428	VHL
2439	58	7428	VHL
2440	58	7428	VHL
2441	58	7428	VHL
2442	58	7428	VHL
2443	58	7428	VHL
2444	58	7428	VHL
2445	58	7428	VHL
2446	58	7428	VHL
2447	58	7428	VHL
2448	58	7428	VHL
2449	58	7428	VHL
2451	58	7428	VHL
2452	58	7428	VHL
2453	58	7428	VHL
2454	58	7428	VHL
2455	58	7428	VHL
2456	58	7428	VHL
2457	58	7428	VHL
2458	58	7428	VHL
2459	58	7428	VHL
2460	58	7428	VHL
2461	58	7428	VHL
2462	58	7428	VHL
2463	58	7428	VHL
2464	58	7428	VHL
2465	58	7428	VHL
2466	58	7428	VHL
2467	58	7428	VHL
2468	4517	5579	PRKCB
2469	58	7428	VHL
2470	58	7428	VHL
2471	58	7428	VHL
2472	58	7428	VHL
2473	58	7428	VHL
2474	58	7428	VHL
2475	58	7428	VHL
2476	58	7428	VHL
2477	58	7428	VHL
2478	58	7428	VHL
2479	58	7428	VHL
2480	58	7428	VHL
2481	58	7428	VHL
2482	58	7428	VHL
2484	58	7428	VHL
2485	58	7428	VHL
2486	58	7428	VHL
2487	58	7428	VHL
2488	58	7428	VHL
2489	58	7428	VHL
2490	58	7428	VHL
2491	58	7428	VHL
2492	58	7428	VHL
2493	58	7428	VHL
2494	58	7428	VHL
2495	58	7428	VHL
2496	58	7428	VHL
2497	58	7428	VHL
2498	58	7428	VHL
2499	58	7428	VHL
2500	58	7428	VHL
2501	58	7428	VHL
2502	58	7428	VHL
2503	58	7428	VHL
2504	58	7428	VHL
2505	58	7428	VHL
2506	58	7428	VHL
2507	58	7428	VHL
2508	58	7428	VHL
2509	58	7428	VHL
2510	58	7428	VHL
2511	58	7428	VHL
2512	58	7428	VHL
2513	58	7428	VHL
2514	58	7428	VHL
2515	58	7428	VHL
2516	58	7428	VHL
2517	58	7428	VHL
2518	58	7428	VHL
2519	58	7428	VHL
2520	58	7428	VHL
2521	58	7428	VHL
2522	58	7428	VHL
2523	58	7428	VHL
2524	58	7428	VHL
2525	58	7428	VHL
2526	58	7428	VHL
2527	58	7428	VHL
2528	58	7428	VHL
2529	58	7428	VHL
2530	58	7428	VHL
2531	58	7428	VHL
2532	58	7428	VHL
2533	58	7428	VHL
2534	58	7428	VHL
2535	58	7428	VHL
2536	58	7428	VHL
2537	58	7428	VHL
2538	58	7428	VHL
2539	58	7428	VHL
2540	58	7428	VHL
2541	58	7428	VHL
2542	58	7428	VHL
2543	58	7428	VHL
2544	58	7428	VHL
2545	58	7428	VHL
2546	58	7428	VHL
2547	58	7428	VHL
2548	58	7428	VHL
2549	58	7428	VHL
2550	36	4893	NRAS
2551	58	7428	VHL
2552	58	7428	VHL
2553	58	7428	VHL
2554	58	7428	VHL
2555	58	7428	VHL
2556	58	7428	VHL
2557	58	7428	VHL
2558	58	7428	VHL
2559	58	7428	VHL
2560	58	7428	VHL
2561	58	7428	VHL
2562	58	7428	VHL
2563	58	7428	VHL
2564	3737	4609	MYC
2565	4686	5782	PTPN12
2566	4	25	ABL1
2567	1769	2120	ETV6
2568	42	5979	RET
2569	63	2146	EZH2
2570	2747	3265	HRAS
2571	101	27	ABL2
2572	28	3717	JAK2
2573	4685	5781	PTPN11
2574	10024	26040	SETBP1
2575	4	25	ABL1
2576	1290	1499	CTNNB1
2577	4176	5159	PDGFRB
2578	3936	4854	NOTCH3
2579	73	10320	IKZF1
2580	58	7428	VHL
2581	8368	10499	NCOA2
2582	1925	2308	FOXO1
2583	1925	2308	FOXO1
2584	912	1025	CDK9
2585	6071	7422	VEGFA
2586	199	142	PARP1
2587	28	3717	JAK2
2588	1728	2057	EPOR
2589	34321	100288687	DUX4
2590	37	5290	PIK3CA
2591	9533	23405	DICER1
2592	29	3815	KIT
2593	3995	4928	NUP98
2594	436	429	ASCL1
2595	2578	3066	HDAC2
2596	6523	8216	LZTR1
2597	9533	23405	DICER1
2598	6862	8660	IRS2
2599	19	1956	EGFR
2600	19	1956	EGFR
2601	19	1956	EGFR
2602	19	1956	EGFR
2603	19	1956	EGFR
2604	19	1956	EGFR
2605	19	1956	EGFR
2606	19	1956	EGFR
2607	19	1956	EGFR
2608	19	1956	EGFR
2609	19	1956	EGFR
2610	19	1956	EGFR
2611	19	1956	EGFR
2612	19	1956	EGFR
2613	19	1956	EGFR
2614	19	1956	EGFR
2615	19	1956	EGFR
2616	19	1956	EGFR
2617	19	1956	EGFR
2618	19	1956	EGFR
2619	24	2322	FLT3
2620	29	3815	KIT
2621	29	3815	KIT
2622	29	3815	KIT
2623	38	5156	PDGFRA
2624	45	7157	TP53
2630	774	863	CBFA2T3
2631	4173	5155	PDGFB
2632	4176	5159	PDGFRB
2633	58	7428	VHL
2634	58	7428	VHL
2635	1	238	ALK
2636	13	1019	CDK4
2637	3153	3791	KDR
2638	778	867	CBL
2639	5	673	BRAF
2640	3984	4915	NTRK2
2641	1885	2260	FGFR1
2642	4685	5781	PTPN11
2643	29	3815	KIT
2644	78	6597	SMARCA4
2645	6054	7403	KDM6A
2646	6	672	BRCA1
2647	12903	55294	FBXW7
2648	45	7157	TP53
2649	30	3845	KRAS
2650	5	673	BRAF
2651	29	3815	KIT
2652	2537	3020	H3F3A
2653	525	546	ATRX
2654	14	1029	CDKN2A
2655	3730	4602	MYB
